[
  {
    "_id": "AWblkkMMHJnLrmATzhB6",
    "_type": "dashboard",
    "_source": {
      "title": "TwitterCryptoSentiment",
      "hits": 0,
      "description": "",
      "panelsJSON": "[{\"col\":1,\"id\":\"AWblkYkYHJnLrmATzhAV\",\"panelIndex\":1,\"row\":6,\"size_x\":6,\"size_y\":3,\"type\":\"visualization\"},{\"col\":7,\"id\":\"AWblmRYlHJnLrmATzhKh\",\"panelIndex\":2,\"row\":1,\"size_x\":6,\"size_y\":4,\"type\":\"visualization\"},{\"col\":1,\"id\":\"AWblm2blHJnLrmATzhNB\",\"panelIndex\":4,\"row\":1,\"size_x\":6,\"size_y\":2,\"type\":\"visualization\"},{\"col\":7,\"id\":\"AWblmtqCHJnLrmATzhMZ\",\"panelIndex\":5,\"row\":5,\"size_x\":6,\"size_y\":4,\"type\":\"visualization\"},{\"col\":1,\"id\":\"AWbllmvJHJnLrmATzhH3\",\"panelIndex\":6,\"row\":3,\"size_x\":6,\"size_y\":3,\"type\":\"visualization\"}]",
      "optionsJSON": "{\"darkTheme\":true}",
      "uiStateJSON": "{\"P-4\":{\"vis\":{\"defaultColors\":{\"0 - 100\":\"rgb(0,104,55)\"}}}}",
      "version": 1,
      "timeRestore": false,
      "kibanaSavedObjectMeta": {
        "searchSourceJSON": "{\"filter\":[{\"query\":{\"match_all\":{}}}],\"highlightAll\":true,\"version\":true}"
      }
    }
  },
  {
    "_id": "AWblkYkYHJnLrmATzhAV",
    "_type": "visualization",
    "_source": {
      "title": "Sentiment Pie Chart",
      "visState": "{\"aggs\":[{\"enabled\":true,\"id\":\"1\",\"params\":{},\"schema\":\"metric\",\"type\":\"count\"},{\"enabled\":true,\"id\":\"2\",\"params\":{\"field\":\"sentiment\",\"order\":\"desc\",\"orderBy\":\"1\",\"size\":5},\"schema\":\"segment\",\"type\":\"terms\"}],\"listeners\":{},\"params\":{\"addLegend\":true,\"addTooltip\":true,\"isDonut\":false,\"legendPosition\":\"right\",\"type\":\"pie\"},\"title\":\"Sentiment Pie Chart\",\"type\":\"pie\"}",
      "uiStateJSON": "{}",
      "description": "",
      "version": 1,
      "kibanaSavedObjectMeta": {
        "searchSourceJSON": "{\"index\":\"AWble8xZHJnLrmATzgsB\",\"query\":{\"match_all\":{}},\"filter\":[]}"
      }
    }
  },
  {
    "_id": "AWblm2blHJnLrmATzhNB",
    "_type": "visualization",
    "_source": {
      "title": "Total",
      "visState": "{\"title\":\"Total\",\"type\":\"metric\",\"params\":{\"addTooltip\":true,\"addLegend\":false,\"type\":\"gauge\",\"gauge\":{\"verticalSplit\":false,\"autoExtend\":false,\"percentageMode\":false,\"gaugeType\":\"Metric\",\"gaugeStyle\":\"Full\",\"backStyle\":\"Full\",\"orientation\":\"vertical\",\"colorSchema\":\"Green to Red\",\"gaugeColorMode\":\"None\",\"useRange\":false,\"colorsRange\":[{\"from\":0,\"to\":100}],\"invertColors\":false,\"labels\":{\"show\":true,\"color\":\"black\"},\"scale\":{\"show\":false,\"labels\":false,\"color\":\"#333\",\"width\":2},\"type\":\"simple\",\"style\":{\"fontSize\":60,\"bgColor\":false,\"labelColor\":false,\"subText\":\"\"}}},\"aggs\":[{\"id\":\"1\",\"enabled\":true,\"type\":\"count\",\"schema\":\"metric\",\"params\":{\"customLabel\":\"Total Tweets\"}}],\"listeners\":{}}",
      "uiStateJSON": "{\"vis\":{\"defaultColors\":{\"0 - 100\":\"rgb(0,104,55)\"}}}",
      "description": "",
      "version": 1,
      "kibanaSavedObjectMeta": {
        "searchSourceJSON": "{\"index\":\"AWble8xZHJnLrmATzgsB\",\"query\":{\"match_all\":{}},\"filter\":[]}"
      }
    }
  },
  {
    "_id": "AWbllmvJHJnLrmATzhH3",
    "_type": "visualization",
    "_source": {
      "title": "Main view",
      "visState": "{\"title\":\"Main view\",\"type\":\"histogram\",\"params\":{\"grid\":{\"categoryLines\":false,\"style\":{\"color\":\"#eee\"}},\"categoryAxes\":[{\"id\":\"CategoryAxis-1\",\"type\":\"category\",\"position\":\"bottom\",\"show\":true,\"style\":{},\"scale\":{\"type\":\"linear\"},\"labels\":{\"show\":true,\"truncate\":100},\"title\":{\"text\":\"Tweets (30s)\"}}],\"valueAxes\":[{\"id\":\"ValueAxis-1\",\"name\":\"LeftAxis-1\",\"type\":\"value\",\"position\":\"left\",\"show\":true,\"style\":{},\"scale\":{\"type\":\"linear\",\"mode\":\"normal\"},\"labels\":{\"show\":true,\"rotate\":0,\"filter\":false,\"truncate\":100},\"title\":{\"text\":\"Count\"}}],\"seriesParams\":[{\"show\":\"true\",\"type\":\"histogram\",\"mode\":\"stacked\",\"data\":{\"label\":\"Count\",\"id\":\"1\"},\"valueAxis\":\"ValueAxis-1\",\"drawLinesBetweenPoints\":true,\"showCircles\":true}],\"addTooltip\":true,\"addLegend\":true,\"legendPosition\":\"top\",\"times\":[],\"addTimeMarker\":false,\"type\":\"histogram\"},\"aggs\":[{\"id\":\"1\",\"enabled\":true,\"type\":\"count\",\"schema\":\"metric\",\"params\":{}},{\"id\":\"2\",\"enabled\":true,\"type\":\"date_histogram\",\"schema\":\"segment\",\"params\":{\"field\":\"created_at\",\"interval\":\"custom\",\"customInterval\":\"30s\",\"min_doc_count\":1,\"extended_bounds\":{},\"customLabel\":\"Tweets (30s)\"}},{\"id\":\"3\",\"enabled\":true,\"type\":\"terms\",\"schema\":\"group\",\"params\":{\"field\":\"sentiment\",\"size\":5,\"order\":\"desc\",\"orderBy\":\"1\"}}],\"listeners\":{}}",
      "uiStateJSON": "{}",
      "description": "",
      "version": 1,
      "kibanaSavedObjectMeta": {
        "searchSourceJSON": "{\"index\":\"AWble8xZHJnLrmATzgsB\",\"query\":{\"match_all\":{}},\"filter\":[]}"
      }
    }
  },
  {
    "_id": "AWblmRYlHJnLrmATzhKh",
    "_type": "visualization",
    "_source": {
      "title": "BTC price",
      "visState": "{\"title\":\"BTC price\",\"type\":\"line\",\"params\":{\"grid\":{\"categoryLines\":false,\"style\":{\"color\":\"#eee\"}},\"categoryAxes\":[{\"id\":\"CategoryAxis-1\",\"type\":\"category\",\"position\":\"bottom\",\"show\":true,\"style\":{},\"scale\":{\"type\":\"linear\"},\"labels\":{\"show\":true,\"truncate\":100},\"title\":{\"text\":\"Time\"}}],\"valueAxes\":[{\"id\":\"ValueAxis-1\",\"name\":\"LeftAxis-1\",\"type\":\"value\",\"position\":\"left\",\"show\":true,\"style\":{},\"scale\":{\"type\":\"linear\",\"mode\":\"normal\",\"defaultYExtents\":true},\"labels\":{\"show\":true,\"rotate\":0,\"filter\":false,\"truncate\":100},\"title\":{\"text\":\"BTC price\"}}],\"seriesParams\":[{\"show\":true,\"mode\":\"normal\",\"type\":\"line\",\"drawLinesBetweenPoints\":true,\"showCircles\":true,\"data\":{\"id\":\"3\",\"label\":\"BTC price\"},\"valueAxis\":\"ValueAxis-1\"}],\"addTooltip\":true,\"addLegend\":true,\"legendPosition\":\"top\",\"times\":[],\"addTimeMarker\":false,\"type\":\"line\"},\"aggs\":[{\"id\":\"2\",\"enabled\":true,\"type\":\"date_histogram\",\"schema\":\"segment\",\"params\":{\"field\":\"created_at\",\"interval\":\"custom\",\"customInterval\":\"30s\",\"min_doc_count\":1,\"extended_bounds\":{},\"customLabel\":\"Time\"}},{\"id\":\"3\",\"enabled\":true,\"type\":\"avg\",\"schema\":\"metric\",\"params\":{\"field\":\"price\",\"customLabel\":\"BTC price\"}}],\"listeners\":{}}",
      "uiStateJSON": "{}",
      "description": "",
      "version": 1,
      "kibanaSavedObjectMeta": {
        "searchSourceJSON": "{\"index\":\"AWble8xZHJnLrmATzgsB\",\"query\":{\"match_all\":{}},\"filter\":[]}"
      }
    }
  },
  {
    "_id": "AWblmtqCHJnLrmATzhMZ",
    "_type": "visualization",
    "_source": {
      "title": "Twitter Sentiment",
      "visState": "{\"title\":\"Twitter Sentiment\",\"type\":\"line\",\"params\":{\"grid\":{\"categoryLines\":false,\"style\":{\"color\":\"#eee\"}},\"categoryAxes\":[{\"id\":\"CategoryAxis-1\",\"type\":\"category\",\"position\":\"bottom\",\"show\":true,\"style\":{},\"scale\":{\"type\":\"linear\"},\"labels\":{\"show\":true,\"truncate\":100},\"title\":{\"text\":\"Time\"}}],\"valueAxes\":[{\"id\":\"ValueAxis-1\",\"name\":\"LeftAxis-1\",\"type\":\"value\",\"position\":\"left\",\"show\":true,\"style\":{},\"scale\":{\"type\":\"linear\",\"mode\":\"normal\"},\"labels\":{\"show\":true,\"rotate\":0,\"filter\":false,\"truncate\":100},\"title\":{\"text\":\"Average Twitter Sentiment\"}}],\"seriesParams\":[{\"show\":\"true\",\"type\":\"line\",\"mode\":\"normal\",\"data\":{\"label\":\"Average Twitter Sentiment\",\"id\":\"1\"},\"valueAxis\":\"ValueAxis-1\",\"drawLinesBetweenPoints\":true,\"showCircles\":true}],\"addTooltip\":true,\"addLegend\":true,\"legendPosition\":\"top\",\"times\":[],\"addTimeMarker\":false,\"type\":\"line\"},\"aggs\":[{\"id\":\"1\",\"enabled\":true,\"type\":\"avg\",\"schema\":\"metric\",\"params\":{\"field\":\"sentiment_int\",\"customLabel\":\"Average Twitter Sentiment\"}},{\"id\":\"2\",\"enabled\":true,\"type\":\"date_histogram\",\"schema\":\"segment\",\"params\":{\"field\":\"created_at\",\"interval\":\"custom\",\"customInterval\":\"30s\",\"min_doc_count\":1,\"extended_bounds\":{},\"customLabel\":\"Time\"}}],\"listeners\":{}}",
      "uiStateJSON": "{}",
      "description": "",
      "version": 1,
      "kibanaSavedObjectMeta": {
        "searchSourceJSON": "{\"index\":\"AWble8xZHJnLrmATzgsB\",\"query\":{\"match_all\":{}},\"filter\":[]}"
      }
    }
  }
]